inference,AUC,TSS,Threshold,mean.fp,sd.fp,mean.fn,sd.fn
Fish corrected neutral,0.7244181993850922,0.4488363987701844,1.5e-4,0.3198767526533236,0.10045235150095534,0.011231716049515237,0.011099199293501
Fish corrected niche + Neutral,0.7755303009514102,0.5510606019028204,1.5e-4,0.22292682288643637,0.08424873848558172,0.011231716049515237,0.011099199293501
