inference,AUC,TSS,sd.TSS,Threshold,mean.fp,sd.fp,mean.fn,sd.fn
Fish corrected neutral,0.7110670113122364,0.42213402262447275,0.1253910592382699,3e-4,0.3899773754248578,0.10252845224157908,0.011434568477517342,0.009939386265038114
Fish corrected niche + Neutral,0.768027767678659,0.536055535357318,0.1118861362173578,3e-4,0.2662965023374329,0.08928455959515151,0.011434568477517342,0.009939386265038114
