Inference,AUC,TSS,Threshold,mean.fp,sd.fp,mean.fn,sd.fn
Fish corrected neutral,0.7119383327028975,0.4238766654057951,3e-4,0.3063757517334164,0.11916999664459577,0.012924917667934119,0.011836617274066952
Fish corrected niche + Neutral,0.7693429266865375,0.5386858533730751,1e-4,0.24194455512131716,0.09957420595817662,0.010454924595118705,0.010277113339061537
