inference,AUC,TSS,Threshold,mean.fp,sd.fp,mean.fn,sd.fn
Fish corrected neutral,0.7167008688521092,0.43340173770421825,3e-4,0.2670913837463283,0.07780644686957568,0.014719545467216138,0.013134008055444861
Fish corrected niche + Neutral,0.7699919705026187,0.5399839410052374,1.5e-4,0.23096026291258626,0.08540136710430464,0.011403183813575593,0.011366056242802293
