inference,AUC,TSS,sd.TSS,Threshold,mean.fp,sd.fp,mean.fn,sd.fn
Fish corrected neutral,0.7113414163048806,0.42268283260976114,0.12681901494069206,3e-4,0.3784782209022227,0.10247411250352946,0.011884264455091505,0.010291113502019757
Fish corrected niche + Neutral,0.7662058272526334,0.5324116545052668,0.11480698643010674,3e-4,0.2600829190122454,0.08860241125351788,0.011884264455091505,0.010291113502019757
