inference,AUC,TSS,Threshold
Initial,0.5419729044512988,0.07862209208190474,"NA"
Niche,0.6345183310653195,0.12181068211926552,"NA"
Neutral,0.5920785993286736,0.12181068211926552,0.00015
Niche + Neutral,0.6345923539630692,0.26918470792613847,1e-08
