inference,AUC,TSS,Threshold,mean.fp,sd.fp,mean.fn,sd.fn
Initial,0.5419729044512988,0.07862209208190474,"NA",0.8376908569922625,0.08952566055435913,0.0019890917270508823,0.0026304065047311506
Niche,0.6345183310653195,0.26903666213063904,"NA",0.2874443570756834,0.1187650992884376,0.02881070877375327,0.020758813460195178
Neutral,0.5923981503024093,0.1270096733105582,3e-04,0.6571847476258548,0.1097470699107538,0.0019890917270508823,0.0026304065047311506
Niche + Neutral,0.6334536448700467,0.26685794114159367,1.5e-08,0.6557805302936572,0.11221216330975403,0.0023287989286550916,0.003020420542637459
