inference,AUC,TSS,sd.TSS,Threshold,mean.fp,sd.fp,mean.fn,sd.fn
Initial,0.5743455192340455,0.13994450679349738,0.07078309618058294,"NA",0.7688234188643858,0.09793096891128052,0.0022617828611176775,0.0027195993940069413
Niche,0.6564725661518914,0.31294513230378285,0.10430966416946806,"NA",0.23592768222319288,0.08066078581526344,0.031103413243958856,0.022025152534324195
Neutral,0.5939132637750818,0.1314364882180055,0.1314364882180055,3e-04,0.6048999658773098,0.10261726916952756,0.0022617828611176775,0.0027195993940069413
Niche + Neutral,0.6551250745267544,0.31025014905350873,0.10054760144630759,1.5e-08,0.6034503600193315,0.10495164106697939,0.0026468785885025697,0.0030187676255217315
