inference,AUC,TSS,Threshold,mean.fp,sd.fp,mean.fn,sd.fn
Initial,0.5419729044512988,0.07862209208190474,"NA",0.8376908569922625,0.08952566055435913,0.0019890917270508823,0.0026304065047311506
Niche,0.6345183310653195,0.26903666213063904,"NA",0.18923978977783754,0.0756348719964294,0.0341232929426935,0.02319193780199253
Neutral,0.5892182108306885,0.12064492857824498,0.00059,0.6571847476258548,0.1097470699107538,0.0019890917270508823,0.0026304065047311506
Niche + Neutral,0.6334536448700467,0.2669072897400935,1.5e-08,0.6557351417678765,0.11229349883762105,0.0023287989286550916,0.003020420542637459
