"","Trait match","raw WebBuilder","WebBuilder","WebBuilder:Trait match"
"Observed",13.8293255000533,9.39567396222272,6.2665625680666,5.93777106740542
"Trait match",NA,1.96532059213354,2.4874417175292,2.63976922771241
"WebBuilder",NA,0.763120395174949,NA,0.102791625358297
