"","tm","tm.niche","tm.nn","wb","wb.tm","wb.n","wb.tm.n"
"1",24.4403147553977,6.49823698333921,4.78748282351832,3.00931395626406,3.12254375907837,3.14244803348121,3.23468085760432
