"","tm","tm.niche","tm.nn","wb","wb.tm","wb.n","wb.tm.n"
"1",24.5659322262832,6.51327195874256,5.2558320222068,3.04962569647098,3.15232871380893,3.16891410019823,3.2490537791923
