"","tm","tm.niche","tm.nn","wb","wb.tm","wb.n","wb.tm.n"
"1",24.502655732891,5.77665147176847,4.20876824066659,3.30909039645659,3.33652424364936,3.17954002209362,3.12760370545836
