"","tm","tm.niche","tm.nn","wb","wb.tm","wb.n","wb.tm.n"
"1",24.3861783482429,6.41258619416398,4.72557762499633,3.18284295311624,3.30979375487301,3.34233365683972,3.43151853251441
