"","tm","tm.niche","tm.nn","wb","wb.tm","wb.n","wb.tm.n"
"1",23.7360722137589,6.14353025094422,4.10030750506807,2.77137059964336,2.8591158938687,2.8923130308575,2.9597070310379
