"","tm","tm.niche","tm.nn","wb","wb.tm","wb.n","wb.tm.n"
"1",23.7365405675141,6.1409270161735,4.10544609411299,2.7768699485676,2.86303284051047,2.89632479853321,2.96229984847669
