"","tm","tm.niche","tm.nn","wb","wb.tm","wb.n","wb.tm.n"
"1",24.0743375139188,5.74062309771024,4.08692840722577,3.12228184114367,3.18811145923787,3.0109019384747,3.01383564586142
