inference,AUC,TSS,Threshold,mean.fp,sd.fp,mean.fn,sd.fn
Wb * trait,0.8234809537206813,0.6469619074413626,"NA",0.1680284512763072,0.03413735199649186,0.007900937305717936,0.005568397795310027
Neutral,0.8235303023191811,0.6470606046383622,1e-09,0.16793767422474581,0.034260752045856546,0.007900937305717936,0.005568397795310027
Neutral Fish correction,0.8334934261744071,0.6669868523488142,1.5e-05,0.140371184559663,0.03056638127352189,0.008554018323884496,0.006756038694717468
