inference,AUC,TSS,Threshold,mean.fp,sd.fp,mean.fn,sd.fn
Wb * trait,0.821558781312231,0.6431175626244621,"NA",0.17695006688416773,0.03240717890451359,0.007774296361274314,0.0060324435969371145
Neutral,0.8216081299107308,0.6432162598214617,1e-09,0.17685928983260635,0.032556720258557235,0.007774296361274314,0.0060324435969371145
Neutral Fish correction,0.830649453977211,0.661298907954422,1.5e-05,0.14671476201466357,0.030617220094595606,0.008790485585686337,0.008638682458273348
