inference,AUC,TSS,sd.TSS,Threshold,mean.fp,sd.fp,mean.fn,sd.fn
Wb * trait,0.8191759834322927,0.6383519668645854,0.09641328089349557,"NA",0.18834541915782668,0.03564625570921011,0.00789703007707925,0.00658511247448667
Neutral,0.8192056623068698,0.6384113246137396,0.09637429232948817,1e-09,0.18829140306102982,0.03572095622700329,0.00789703007707925,0.00658511247448667
Neutral Fish correction,0.8299540790302141,0.6599081580604281,0.10650614098649688,1.5e-05,0.16115100170640068,0.034155016770606256,0.008546121013103392,0.007959564761656903
