inference,AUC,TSS,Thresh,mean.fp,sd.fp,mean.fn,sd.fn
Wb * trait,0.821558781312231,0.6431175626244621,"NA",0.17695006688416773,0.03240717890451359,0.007774296361274314,0.0060324435969371145
Neutral,0.8215299313623389,0.6430105141261779,1.5e-08,0.17602172233091645,0.03201020162035062,0.007865073412835679,0.006320018150138993
Neutral Fish correction,0.8295906563781346,0.6591813127562691,1.5e-05,0.1407374804419835,0.033635389218686494,0.009107587735188112,0.008596217992642399
