inference,AUC,TSS,Threshold,mean.fp,sd.fp,mean.fn,sd.fn
Webbuilder initial,0.8337355997441788,0.6674711994883574,"NA",0.18590142053977055,0.0330791852166125,0.006143765407829241,0.005176898459832863
Neutral,0.8340852155843196,0.6681704311686393,1e-09,0.18526739466234282,0.032725764240755094,0.006143765407829241,0.005176898459832863
Neutral Fish correction,0.8464422168073572,0.6928844336147145,1.5e-05,0.15259838957243363,0.030882573359818505,0.006842234951776485,0.006409119188018914
