inference,AUC,TSS,Thresh,mean.fp,sd.fp,mean.fn,sd.fn
Webbuilder initial,0.8337355997441788,0.6674711994883574,"NA",0.18590142053977055,0.0330791852166125,0.006143765407829241,0.005176898459832863
Neutral,0.8338517587529551,0.6674484232121267,1.5e-09,0.18438443863487225,0.03230050243577423,0.006279930985171289,0.0055404091444501155
Neutral Fish correction,0.8430365939151022,0.6860731878302045,1.5e-05,0.14571504005817365,0.034886962386057326,0.0076132223590850865,0.007838446536532779
