inference,AUC,TSS,mean.fp,sd.fp,mean.fn,sd.fn
Webbuilder initial,0.8337355997441788,0.6674711994883574,0.18590142053977055,0.0330791852166125,0.006143765407829241,0.005176898459832863
Neutral,0.8340852155843196,0.6681704311686393,0.18526739466234282,0.032725764240755094,0.006143765407829241,0.005176898459832863
Neutral Fish correction,0.8420575936417869,0.6841151872835739,0.14646183050830217,0.035873883573606075,0.007703999410646452,0.008164670730955698
