inference,AUC,TSS,Threshold,mean.fp,sd.fp,mean.fn,sd.fn
Webbuilder initial,0.8337355997441788,0.6674711994883574,"NA",0.18590142053977055,0.0330791852166125,0.006143765407829241,0.005176898459832863
Neutral,0.8340852155843196,0.6681704311686393,1e-09,0.18526739466234282,0.032725764240755094,0.006143765407829241,0.005176898459832863
Neutral Fish correction,0.8438115569027139,0.6876231138054278,1.5e-05,0.15223528136618816,0.03145118890126151,0.0072961202095833105,0.00795506346078193
