"model","inference","AUC","TSS","sd.TSS","Threshold","mean.fp","sd.fp","mean.fn","sd.fn","euclidean"
"tm","Initial",0.559040633320959,0.1175091228908,0.06993103908588,NA,0.791356090287527,0.0934728248677035,0.00245799746286052,0.00323976014575763,24.0743375139188
"tm","Niche",0.658520058380078,0.317040116760157,0.106393205580054,NA,0.603681281545543,0.101277023977607,0.00245799746286052,0.00323976014575763,5.74062309771024
"tm.f","Fish corrected niche + Neutral",0.766205827252633,0.532411654505267,0.114806986430107,3e-04,0.260082919012245,0.0886024112535179,0.0118842644550915,0.0102911135020198,4.08692840722577
"wb","Webbuilder initial",0.828637656760568,0.657275313521136,0.0997805099112243,NA,0.204157999886711,0.0359104858897179,0.00589836395620628,0.00549666486188023,3.12228184114367
"wb","Neutral Fish correction",0.841858744045399,0.683717488090798,0.106090095673931,1.5e-05,0.17237764800242,0.0355698461983394,0.00654745489223042,0.0068043807240059,3.0109019384747
"wb.tm","Wb * trait",0.819175983432293,0.638351966864585,0.0964132808934956,NA,0.188345419157827,0.0356462557092101,0.00789703007707925,0.00658511247448667,3.18811145923787
"wb.tm","Neutral Fish correction",0.829954079030214,0.659908158060428,0.106506140986497,1.5e-05,0.161151001706401,0.0341550167706063,0.00854612101310339,0.0079595647616569,3.01383564586142
