model,inference,AUC,TSS,Threshold,mean.fp,sd.fp,mean.fn,sd.fn,euclidean
tm,Initial,0.574345519,0.139944507,NA,0.768823419,0.097930969,0.002261783,0.002719599,23.73607221
tm,Niche,0.656472566,0.312945132,NA,0.235927682,0.080660786,0.031103413,0.022025153,6.143530251
tm.f,Fish corrected niche + Neutral,0.775530301,0.551060602,1.50E-04,0.222926823,0.084248738,0.011231716,0.011099199,4.100307505
wb,Webbuilder initial,0.8337356,0.667471199,NA,0.185901421,0.033079185,0.006143765,0.005176898,2.7713706
wb,Neutral Fish correction,0.843811557,0.687623114,1.50E-05,0.152235281,0.031451189,0.00729612,0.007955063,2.892313031
wb.tm,Wb * trait,0.823480954,0.646961907,NA,0.168028451,0.034137352,0.007900937,0.005568398,2.859115894
wb.tm,Neutral Fish correction,0.831096223,0.662192446,1.50E-05,0.140098853,0.030985293,0.008962515,0.008155227,2.959707031
