model,inference,AUC,TSS,Threshold,mean.fp,sd.fp,mean.fn,sd.fn,euclidean
tm,Initial,0.541972904,0.078622092,NA,0.837690857,0.089525661,0.001989092,0.002630407,24.44031476
tm,Niche,0.634518331,0.269036662,NA,0.287444357,0.118765099,0.028810709,0.020758813,6.498236983
tm.f,Fish corrected niche + Neutral,0.769342927,0.538685853,1.00E-04,0.241944555,0.099574206,0.010454925,0.010277113,4.787482824
wb,Webbuilder initial,0.8337356,0.667471199,NA,0.185901421,0.033079185,0.006143765,0.005176898,3.009313956
wb,Neutral Fish correction,0.843036594,0.686073188,1.50E-05,0.14571504,0.034886962,0.007613222,0.007838447,3.142448033
wb.tm,Wb * trait,0.821558781,0.643117563,NA,0.176950067,0.032407179,0.007774296,0.006032444,3.122543759
wb.tm,Neutral Fish correction,0.829590656,0.659181313,1.50E-05,0.14073748,0.033635389,0.009107588,0.008596218,3.234680858
