"model","inference","AUC","TSS","Threshold","mean.fp","sd.fp","mean.fn","sd.fn","euclidean"
"tm","Initial",0.541972904451299,0.0786220920819047,NA,0.837690856992263,0.0895256605543591,0.00198909172705088,0.00263040650473115,24.3861783482429
"tm","Niche",0.63451833106532,0.269036662130639,NA,0.189239789777838,0.0756348719964294,0.0341232929426935,0.0231919378019925,6.41258619416398
"tm.f","Fish corrected niche + Neutral",0.769991970502619,0.539983941005237,0.00015,0.230960262912586,0.0854013671043046,0.0114031838135756,0.0113660562428023,4.72557762499633
"wb","Webbuilder initial",0.833735599744179,0.667471199488357,NA,0.185901420539771,0.0330791852166125,0.00614376540782924,0.00517689845983286,3.18284295311624
"wb","Neutral Fish correction",0.843811556902714,0.687623113805428,1.5e-05,0.152235281366188,0.0314511889012615,0.00729612020958331,0.00795506346078193,3.34233365683972
"wb.tm","Wb * trait",0.821558781312231,0.643117562624462,NA,0.176950066884168,0.0324071789045136,0.00777429636127431,0.00603244359693711,3.30979375487301
"wb.tm","Neutral Fish correction",0.830649453977211,0.661298907954422,1.5e-05,0.146714762014664,0.0306172200945956,0.00879048558568634,0.00863868245827335,3.43151853251441
