"model","inference","AUC","TSS","sd.TSS","Threshold","mean.fp","sd.fp","mean.fn","sd.fn","euclidean"
"tm","Initial",0.574345519234046,0.139944506793497,0.0707830961805829,NA,0.768823418864386,0.0979309689112805,0.00226178286111768,0.00271959939400694,23.7365405675141
"tm","Niche",0.656472566151891,0.312945132303783,0.104309664169468,NA,0.235927682223193,0.0806607858152634,0.0311034132439589,0.0220251525343242,6.1409270161735
"tm.f","Fish corrected niche + Neutral",0.779168811079261,0.558337622158522,0.108621968434451,0.00015,0.223516873721585,0.0836390732203342,0.0105962766885857,0.00909442319812002,4.10544609411299
"wb","Webbuilder initial",0.833735599744179,0.667471199488357,0.0897081074658446,NA,0.185901420539771,0.0330791852166125,0.00614376540782924,0.00517689845983286,2.7768699485676
"wb","Neutral Fish correction",0.846442216807357,0.692884433614715,0.0984534551848733,1.5e-05,0.152598389572434,0.0308825733598185,0.00684223495177648,0.00640911918801891,2.89632479853321
"wb.tm","Wb * trait",0.823480953720681,0.646961907441363,0.072946258096198,NA,0.168028451276307,0.0341373519964919,0.00790093730571794,0.00556839779531003,2.86303284051047
"wb.tm","Neutral Fish correction",0.833493426174407,0.666986852348814,0.0843509665815728,1.5e-05,0.140371184559663,0.0305663812735219,0.0085540183238845,0.00675603869471747,2.96229984847669
