"model","inference","AUC","TSS","Threshold","mean.fp","sd.fp","mean.fn","sd.fn","euclidean"
"tm","Initial",0.574345519234046,0.139944506793497,NA,0.768823418864386,0.0979309689112805,0.00226178286111768,0.00271959939400694,23.7360722137589
"tm","Niche",0.656472566151891,0.312945132303783,NA,0.235927682223193,0.0806607858152634,0.0311034132439589,0.0220251525343242,6.14353025094422
"tm.f","Fish corrected niche + Neutral",0.77553030095141,0.55106060190282,0.00015,0.222926822886436,0.0842487384855817,0.0112317160495152,0.011099199293501,4.10030750506807
"wb","Webbuilder initial",0.833735599744179,0.667471199488357,NA,0.185901420539771,0.0330791852166125,0.00614376540782924,0.00517689845983286,2.77137059964336
"wb","Neutral Fish correction",0.843811556902714,0.687623113805428,1.5e-05,0.152235281366188,0.0314511889012615,0.00729612020958331,0.00795506346078193,2.8923130308575
"wb.tm","Wb * trait",0.823480953720681,0.646961907441363,NA,0.168028451276307,0.0341373519964919,0.00790093730571794,0.00556839779531003,2.8591158938687
"wb.tm","Neutral Fish correction",0.831096223101128,0.662192446202256,1.5e-05,0.140098853404979,0.0309852931278886,0.00896251505591064,0.00815522683958881,2.9597070310379
