"model","inference","AUC","TSS","sd.TSS","Threshold","mean.fp","sd.fp","mean.fn","sd.fn","euclidean"
"tm","Initial",0.545725092172437,0.0914501843448735,0.0740708844499865,NA,0.832512480135355,0.0986004075730647,0.00134881656118565,0.00191993954802226,24.502655732891
"tm","Niche",0.651294592291768,0.302589184583537,0.106144184193588,NA,0.633855137057901,0.110047051129301,0.00134881656118565,0.00191993954802226,5.77665147176847
"tm.f","Fish corrected niche + Neutral",0.768027767678659,0.536055535357318,0.111886136217358,3e-04,0.266296502337433,0.0892845595951515,0.0114345684775173,0.00993938626503811,4.20876824066659
"wb","Webbuilder initial",0.828637656760568,0.657275313521136,0.0997805099112243,NA,0.204157999886711,0.0359104858897179,0.00589836395620628,0.00549666486188023,3.30909039645659
"wb","Neutral Fish correction",0.841858744045399,0.683717488090798,0.106090095673931,1.5e-05,0.17237764800242,0.0355698461983394,0.00654745489223042,0.0068043807240059,3.17954002209362
"wb.tm","Wb * trait",0.822471218950986,0.644942437901973,0.0986351028221608,NA,0.196616656013415,0.0340924149974348,0.00689904677353626,0.00591101813180708,3.33652424364936
"wb.tm","Neutral Fish correction",0.834222605805103,0.668445211610205,0.106688750227648,1.5e-05,0.167562126436769,0.0342220292671771,0.0075481377095604,0.00737562451405371,3.12760370545836
