Inference,AUC,TSS,Threshold,mean.fp,sd.fp,mean.fn,sd.fn
Fish corrected neutral,0.7168749309324189,0.4337498618648378,1.5e-4,0.3056159450553947,0.11971377654787847,0.01208735016624422,0.010636148165624368
Fish corrected niche + Neutral,0.7723958219939052,0.5447916439878105,1e-4,0.24160967491779398,0.10013126748061985,0.009911675769252335,0.009786747700653114
