"","tm.n","wb","wb.tm","wb.n","wb.tm.n"
"1",15.6637269624313,10.6643177023717,9.68555842204544,7.10511173220034,6.70093288955691
